<?xml version="1.0" encoding="UTF-8" standalone="yes"?>
<addon id="plugin.video.qwerty" version="0.0.2" name="qwerty" provider-name="Roman_V_M">
    <requires>
        <import addon="xbmc.python" version="2.14.0"/>
        <import addon="script.module.xbmcswift2" version="2.4.0" />
        <import addon="script.module.requests" version="2.9.1" />
        <import addon="script.module.beautifulsoup" version="3.2.1" />
    </requires>
    <extension point="xbmc.python.pluginsource" library="default.py">
        <provides>video</provides>
    </extension>
    <extension point="xbmc.addon.metadata">
        <summary lang="en">CNET Video Podcasts</summary>
        <summary lang="ru">Видео-подкасты CNET</summary>
        <summary lang="uk">Відео-подкасти CNET</summary>
        <description lang="en">Addon for watching CNET video podcasts from XBMC.</description>
        <description lang="ru">qwerty Дополнение для просмотра видео-подкастов CNET из XBMC.</description>
        <description lang="uk">Надбудова для прегляду відео-подкастів CNET з XBMC.</description>
        <platform>all</platform>
    </extension>
</addon>
