<?xml version="1.0" encoding="UTF-8" standalone="yes"?>
<addons>
    <addon id="repository.l2k" name="L2K Add-on Repository" version="0.0.1" provider-name="lamo2k123">
        <extension point="xbmc.addon.repository" name="L2K Add-on Repository">
            <info compressed="false">https://raw.githubusercontent.com/lamo2k123/kodi.repository/master/addons.xml</info>
            <checksum>https://raw.githubusercontent.com/lamo2k123/kodi.repository/master/addons.xml.md5</checksum>
            <datadir zip="true">https://raw.githubusercontent.com/lamo2k123/kodi.repository/master</datadir>
        </extension>
        <extension point="xbmc.addon.metadata">
            <summary lang="en">L2K addons</summary>
            <description lang="en">Download and install addons by L2K</description>
            <summary lang="ru">Репозиторий L2K</summary>
            <description lang="ru">Скачивание и установка плагинов от L2K</description>
            <platform>all</platform>
        </extension>
    </addon>

    <addon id="script.module.requests" name="requests" version="2.9.1" provider-name="kennethreitz, beenje">
        <requires>
            <import addon="xbmc.python" version="2.14.0"/>
        </requires>
        <extension point="xbmc.python.module" library="lib" />
        <extension point="xbmc.addon.metadata">
            <summary>Python HTTP for Humans</summary>
            <description>Packed for KODI from https://github.com/kennethreitz/requests</description>
            <platform>all</platform>
            <language></language>
            <license>Apache2</license>
            <forum></forum>
            <website>http://python-requests.org</website>
            <source>https://github.com/beenje/script.module.requests</source>
            <email>beenje AT gmail.com</email>
        </extension>
    </addon>
</addons>